date,retail_and_recreation_percent_change_from_baseline,grocery_and_pharmacy_percent_change_from_baseline,parks_percent_change_from_baseline,transit_stations_percent_change_from_baseline,workplaces_percent_change_from_baseline,residential_percent_change_from_baseline,Temp,Humidity,pcr_test
2020/2/21,-1.571428571,1.285714286,-1.857142857,-2.857142857,0.285714286,0.714285714,9.528571429,64.71428571,74.14285714
2020/2/22,-2.142857143,0.857142857,-4.285714286,-3.428571429,-0.428571429,1,9.542857143,66.28571429,75.57142857
2020/2/23,-0.714285714,2.142857143,3,-1.714285714,-0.142857143,0.714285714,9.7,58.28571429,71.85714286
2020/2/24,2.142857143,2.571428571,11.42857143,-5.428571429,-8,2.571428571,9.628571429,53.14285714,70.57142857
2020/2/25,2,3.285714286,11.28571429,-5.428571429,-7.857142857,2.571428571,10.04285714,55.42857143,75.57142857
2020/2/26,1.428571429,3.428571429,9.428571429,-5.714285714,-7.714285714,2.714285714,10.04285714,61.71428571,89.42857143
2020/2/27,0.857142857,3.714285714,8.285714286,-6.285714286,-7.714285714,2.857142857,9.757142857,60.42857143,98.14285714
2020/2/28,0.714285714,5.428571429,6.714285714,-7.428571429,-7.571428571,3,9.328571429,58.14285714,104.5714286
2020/2/29,0,6.571428571,5,-10,-7,3.285714286,8.885714286,56.28571429,116.2857143
2020/3/1,-1.571428571,7.428571429,2.571428571,-13.57142857,-6.857142857,3.857142857,9.114285714,60.57142857,124.4285714
2020/3/2,-5.571428571,7.285714286,-7.285714286,-11.85714286,0.714285714,2.428571429,8.757142857,66.85714286,119.7142857
2020/3/3,-5.857142857,7.571428571,-5.714285714,-13.71428571,0.285714286,2.857142857,8.871428571,66.71428571,135.2857143
2020/3/4,-7,6.857142857,-8,-15.71428571,-0.428571429,3.428571429,8.985714286,66.28571429,674.1428571
2020/3/5,-7.857142857,6.428571429,-8.571428571,-17.28571429,-1,3.857142857,9.3,66.85714286,752.4285714
2020/3/6,-8.857142857,4.714285714,-7.285714286,-18.42857143,-1.714285714,4.285714286,9.642857143,64.71428571,812.8571429
2020/3/7,-9.142857143,3.714285714,-5.285714286,-18.85714286,-2.714285714,4.428571429,9.342857143,65.28571429,808.4285714
2020/3/8,-10.14285714,1.857142857,-10.14285714,-20,-3.571428571,4.714285714,8.657142857,69.42857143,810.4285714
2020/3/9,-9.714285714,1.714285714,-6.428571429,-20,-3.714285714,4.714285714,9.485714286,67.28571429,988
2020/3/10,-10.71428571,0,-12,-20.42857143,-4.142857143,5,9.971428571,72.71428571,1026.714286
2020/3/11,-9.428571429,0.857142857,-7.142857143,-20,-4.142857143,4.714285714,10.88571429,68.85714286,489.7142857
2020/3/12,-8.571428571,1.142857143,-3.714285714,-19.57142857,-4.142857143,4.571428571,11.2,68.14285714,654.8571429
2020/3/13,-8,1.285714286,-3,-19.42857143,-4.142857143,4.571428571,11.64285714,72.28571429,698.5714286
2020/3/14,-8.285714286,0.428571429,-7.428571429,-19.85714286,-4.571428571,4.857142857,11.38571429,75.14285714,692.8571429
2020/3/15,-6.857142857,1.714285714,-1.142857143,-18.42857143,-4.285714286,4.428571429,11.37142857,71.28571429,683.1428571
2020/3/16,-6.857142857,1.428571429,-3.714285714,-18.42857143,-4.285714286,4.428571429,10.51428571,67.85714286,793
2020/3/17,-5.714285714,2.428571429,2.285714286,-18,-4.142857143,4.142857143,9.514285714,60.71428571,761.4285714
2020/3/18,-5.714285714,2.285714286,3.285714286,-17.71428571,-4.142857143,4.142857143,9.028571429,59.85714286,858.1666667
2020/3/19,-4.714285714,2.428571429,3.428571429,-17,-4.142857143,4,9.485714286,62.28571429,1130.666667
2020/3/20,-3,2.857142857,7.714285714,-19.42857143,-11.28571429,5.714285714,9.771428571,60.28571429,1007.333333
2020/3/21,-1.857142857,4.142857143,18.14285714,-17.71428571,-11.28571429,5.142857143,10.95714286,54,1011.5
2020/3/22,-2.142857143,3.571428571,19.42857143,-17.28571429,-11.28571429,5.142857143,12.34285714,51.42857143,1013.833333
2020/3/23,-1.714285714,3.571428571,22,-17,-11.28571429,5,12.8,52,1310.333333
2020/3/24,-1.571428571,3.428571429,22,-16.71428571,-11.28571429,5,12.87142857,51.57142857,1531.8
2020/3/25,-0.857142857,4.142857143,23.57142857,-16.28571429,-11.28571429,4.857142857,12.6,50.57142857,1388.833333
2020/3/26,-1.428571429,5.142857143,24.85714286,-16.71428571,-11.42857143,5,12.37142857,48.42857143,1108
2020/3/27,-3.857142857,4.714285714,17.85714286,-14.57142857,-4.714285714,3.428571429,12.61428571,51.42857143,1328.5
2020/3/28,-5.571428571,4.142857143,9.714285714,-17.14285714,-4.857142857,4,12.85714286,57,1355.833333
2020/3/29,-8,3,3.571428571,-20.42857143,-5.714285714,4.571428571,10.97142857,63.71428571,1380.833333
2020/3/30,-8.428571429,3.571428571,1.714285714,-21.42857143,-6.428571429,4.857142857,10.58571429,65.57142857,1317.333333
2020/3/31,-9,4.142857143,1,-22.42857143,-6.857142857,5,10.81428571,70.57142857,1402.571429
2020/4/1,-12.14285714,2.285714286,-7.571428571,-24.42857143,-7.714285714,5.714285714,11.01428571,78,1524
2020/4/2,-13.85714286,1.285714286,-9.428571429,-25.85714286,-8.428571429,6.142857143,11.14285714,77.28571429,2004
2020/4/3,-14.42857143,1.714285714,-4.428571429,-26.71428571,-9,6.285714286,10.65714286,74.57142857,2314.5
2020/4/4,-14.85714286,2.428571429,2.571428571,-27,-9.571428571,6.428571429,10.68571429,71.57142857,2310.333333
2020/4/5,-14.71428571,3.714285714,6.571428571,-27.28571429,-10.14285714,6.571428571,11.62857143,68.28571429,2312.333333
2020/4/6,-15.57142857,4.142857143,9,-27.85714286,-10.57142857,6.857142857,12.27142857,64.14285714,3044.833333
2020/4/7,-16.71428571,4,10.14285714,-28.85714286,-11.42857143,7.285714286,12.64285714,60,3483.166667
2020/4/8,-17,5,16.57142857,-30.14285714,-12.28571429,7.571428571,13.05714286,54.71428571,3183.142857
2020/4/9,-18.71428571,4.428571429,15.85714286,-32,-13.28571429,8.142857143,12.97142857,57.14285714,2919.714286
2020/4/10,-20.42857143,4.142857143,12.14285714,-33.85714286,-14.28571429,8.857142857,12.74285714,57,3217.428571
2020/4/11,-21.71428571,3.857142857,8.857142857,-35.71428571,-15.71428571,9.428571429,12.12857143,55,3413.571429
2020/4/12,-23.85714286,2.285714286,3.428571429,-37.85714286,-17,10,12.14285714,56.57142857,3390.571429
2020/4/13,-27.42857143,-0.857142857,-5.142857143,-40.85714286,-18.28571429,10.85714286,11.55714286,64.28571429,3587.142857
2020/4/14,-29,-1,-6.142857143,-42.85714286,-19.28571429,11.42857143,11.34285714,64.85714286,4117.285714
2020/4/15,-29.28571429,-0.285714286,-6,-43.85714286,-20,11.71428571,11.27142857,63.14285714,4018.714286
2020/4/16,-29.71428571,0.142857143,-5.857142857,-44.85714286,-20.71428571,12,11.04285714,63.71428571,4373.571429
2020/4/17,-30.42857143,0.142857143,-6,-46,-21.42857143,12.28571429,11.21428571,65.57142857,4196.428571
2020/4/18,-33,-2.428571429,-13.14285714,-47.71428571,-22,12.85714286,11.42857143,72.42857143,4105
2020/4/19,-33,-1.571428571,-8,-47,-22.14285714,12.71428571,12.05714286,69.57142857,4518.714286
2020/4/20,-32.85714286,-0.571428571,-6.285714286,-47.28571429,-22.57142857,12.85714286,12.3,69.14285714,4170.714286
2020/4/21,-34,-1.142857143,-6.571428571,-48,-23.28571429,13.14285714,12.77142857,73.14285714,3783.142857
2020/4/22,-35.71428571,-2.714285714,-9.428571429,-49,-24,13.57142857,12.72857143,75.57142857,4314.857143
2020/4/23,-37,-3.857142857,-11.28571429,-49.71428571,-24.57142857,14,12.75714286,74.14285714,4318.285714
2020/4/24,-37.85714286,-4.571428571,-12.28571429,-50,-25,14.28571429,12.72857143,73.14285714,4466.571429
2020/4/25,-36.85714286,-3,-6.857142857,-49,-25,14,12.7,68.14285714,4501.714286
2020/4/26,-37.57142857,-3.857142857,-9.285714286,-49.71428571,-25.57142857,14.14285714,13.21428571,66.42857143,4242.142857
2020/4/27,-37.28571429,-3.428571429,-5.857142857,-49.71428571,-26,14.28571429,13.65714286,64.14285714,4489.142857
2020/4/28,-36.85714286,-3.285714286,-6.428571429,-49.71428571,-26.28571429,14.28571429,13.38571429,64.57142857,4160.857143
2020/4/29,-36,-3.428571429,-2.714285714,-52,-31.71428571,15.42857143,13.61428571,65.14285714,3655.714286
2020/4/30,-35.14285714,-2.428571429,-1,-51.85714286,-32.57142857,15.57142857,14.48571429,66.57142857,4052.428571
2020/5/1,-34.85714286,-2.142857143,0.714285714,-52.14285714,-33.85714286,16,15.58571429,68.28571429,4285.714286
2020/5/2,-35.14285714,-2.428571429,0.428571429,-52.42857143,-34.42857143,16.14285714,16.71428571,70,4232.857143
2020/5/3,-35.14285714,-2.428571429,0,-52.42857143,-34.85714286,16.14285714,17.05714286,72.57142857,4215.142857
2020/5/4,-34.14285714,-2.571428571,1.857142857,-55.28571429,-41.57142857,18.14285714,17.98571429,73.85714286,3184.714286
2020/5/5,-33.42857143,-2.857142857,5.428571429,-58,-48.14285714,20.28571429,19.27142857,72.14285714,2945.428571
2020/5/6,-34.28571429,-3.857142857,-0.285714286,-58.71428571,-49.28571429,21.42857143,19.37142857,75.14285714,2883.714286
2020/5/7,-34.42857143,-4.285714286,-1,-58.28571429,-48.42857143,21.14285714,19.15714286,74.42857143,3580.714286
2020/5/8,-34.28571429,-4.428571429,-0.714285714,-57.57142857,-47.28571429,20.71428571,18.7,71.71428571,4132.142857
2020/5/9,-33.71428571,-4.428571429,-2,-57,-45.85714286,20.42857143,18.37142857,70.42857143,4330
2020/5/10,-32.71428571,-4.142857143,-4.285714286,-56.71428571,-45,20.42857143,18.48571429,72.14285714,4756.142857
2020/5/11,-33.28571429,-3.571428571,-4.857142857,-53.14285714,-37.71428571,18,19,71.14285714,5422
2020/5/12,-34.28571429,-3.571428571,-8.142857143,-50,-30.57142857,15.71428571,19.05714286,71.42857143,5239
2020/5/13,-33.57142857,-2,-5.142857143,-46.42857143,-23.57142857,13.28571429,19.98571429,66.42857143,6614.285714
2020/5/14,-33.42857143,-2.285714286,-4.714285714,-46.42857143,-23.14285714,13,20.6,63.42857143,5594.428571
2020/5/15,-33.14285714,-2.285714286,-6.142857143,-46.28571429,-22.57142857,12.85714286,21.28571429,64,4510.428571
2020/5/16,-33.28571429,-3.285714286,-10.71428571,-46.85714286,-23,13,21.31428571,67.57142857,4806.428571
2020/5/17,-32.42857143,-2.428571429,-6,-45.71428571,-22.42857143,12.57142857,21.32857143,66.42857143,4948.142857
2020/5/18,-32.42857143,-3.142857143,-8.857142857,-45.71428571,-22.14285714,12.71428571,20.8,68,4946.285714
2020/5/19,-32.28571429,-3.714285714,-12.57142857,-45.71428571,-22,12.85714286,20.22857143,71.14285714,5365.285714
2020/5/20,-31.57142857,-3.428571429,-14,-45.28571429,-21.71428571,12.71428571,18.85714286,76.14285714,4450.285714
2020/5/21,-31.14285714,-3.428571429,-16,-44.85714286,-21.42857143,12.71428571,17.7,83.14285714,4266.571429
2020/5/22,-30.71428571,-3.714285714,-16.14285714,-44.42857143,-21.14285714,12.42857143,16.81428571,88.42857143,4324.142857
2020/5/23,-28.85714286,-2,-9.857142857,-42.71428571,-20.71428571,12,16.8,88,4100.142857
2020/5/24,-28.14285714,-2,-8.428571429,-41.85714286,-20.28571429,11.85714286,16.68571429,88.14285714,3566.571429
2020/5/25,-26.71428571,-0.714285714,-5.285714286,-40.85714286,-20,11.42857143,17.02857143,85.42857143,3229.428571
2020/5/26,-25.71428571,-0.285714286,-3.571428571,-39.85714286,-19.42857143,11,17.48571429,84,3197
2020/5/27,-24.85714286,-0.142857143,-2,-39,-19,10.71428571,18.72857143,82.71428571,3102
2020/5/28,-23.85714286,0.142857143,-0.142857143,-38,-18.57142857,10.42857143,19.68571429,79.85714286,3016.428571
2020/5/29,-22.71428571,0.714285714,1.285714286,-37,-18,10.14285714,20.45714286,76.42857143,3017.285714
2020/5/30,-21.71428571,1.142857143,2.571428571,-35.71428571,-17.14285714,9.714285714,20.97142857,74.28571429,3000.571429
2020/5/31,-21,1.285714286,-0.857142857,-35.28571429,-16.71428571,9.571428571,21.04285714,74,3058.428571
2020/6/1,-20.85714286,0.714285714,-3,-34,-15.71428571,9.285714286,20.75714286,77,3082.571429
2020/6/2,-20,1.142857143,-1.142857143,-32.71428571,-15,8.857142857,20.95714286,77,3301.428571
2020/6/3,-19.85714286,1,-1.142857143,-31.71428571,-14.28571429,8.571428571,21.32857143,76.28571429,3440.714286
2020/6/4,-19.57142857,1.142857143,-1.571428571,-30.85714286,-13.57142857,8.285714286,21.91428571,77.71428571,3529.142857
2020/6/5,-19.14285714,1,-2.142857143,-30.14285714,-13.28571429,8,22.5,79,3734.571429
2020/6/6,-18.71428571,0.714285714,-2.571428571,-29.71428571,-13.42857143,7.857142857,22.81428571,79.85714286,3815.714286
2020/6/7,-17.71428571,1,1.142857143,-28.71428571,-13.28571429,7.571428571,22.91428571,79,3825.428571
2020/6/8,-17.14285714,1.142857143,3.142857143,-28.71428571,-13.28571429,7.428571429,23.42857143,76.14285714,3929.285714
2020/6/9,-16.71428571,1.142857143,3.428571429,-28.57142857,-13.14285714,7.428571429,23.88571429,73.42857143,3939.857143
2020/6/10,-16,1.285714286,2.571428571,-28.28571429,-13.14285714,7.285714286,24.2,71.85714286,4098.857143
2020/6/11,-16.28571429,0.142857143,-1.428571429,-28.28571429,-13.28571429,7.428571429,24.42857143,72.71428571,4095
2020/6/12,-16,0,-3,-28,-13.28571429,7.428571429,24.62857143,74.14285714,4124.428571
2020/6/13,-16.14285714,-1,-8.428571429,-28.57142857,-13.85714286,7.714285714,24.21428571,77.28571429,4040.571429
2020/6/14,-16.28571429,-1.571428571,-14.14285714,-29.14285714,-13.85714286,7.857142857,24.17142857,81.85714286,4001.428571
2020/6/15,-15.57142857,-1,-14.71428571,-28.71428571,-13.85714286,7.714285714,24.55714286,83,3970.571429
2020/6/16,-15,-0.857142857,-14.85714286,-28.28571429,-13.71428571,7.571428571,24.55714286,83,3950.857143
2020/6/17,-14.57142857,-0.857142857,-13.28571429,-27.85714286,-13.57142857,7.428571429,24.18571429,82.71428571,3416
2020/6/18,-14,-0.571428571,-11.57142857,-27.42857143,-13.42857143,7.142857143,23.75714286,82.28571429,3645
2020/6/19,-13.85714286,-1.285714286,-13.85714286,-27.28571429,-13.42857143,7.142857143,22.68571429,84.42857143,3599
2020/6/20,-12.28571429,0.428571429,-6.714285714,-25.28571429,-12.42857143,6.428571429,22.91428571,81.14285714,3576.285714
2020/6/21,-11.28571429,1,-0.857142857,-23.57142857,-12,6.142857143,22.94285714,78.85714286,3958.571429
2020/6/22,-11.85714286,-0.142857143,-2.428571429,-23.42857143,-12,6.285714286,21.98571429,80.85714286,4112.285714
2020/6/23,-11.71428571,-0.142857143,-2.428571429,-23,-12,6.142857143,21.52857143,83.42857143,4006.571429
2020/6/24,-11.71428571,-0.285714286,-3,-22.71428571,-11.85714286,6.142857143,21.37142857,86.42857143,4525.285714
2020/6/25,-11,0.571428571,-2.857142857,-22,-11.71428571,6,21.1,88.14285714,4279.428571
2020/6/26,-10.42857143,1.428571429,-0.142857143,-21.28571429,-11.42857143,5.714285714,21.95714286,86.14285714,4270.142857
2020/6/27,-10.57142857,1,-1.571428571,-21.14285714,-11.85714286,5.857142857,22.32857143,87.14285714,4421.428571
2020/6/28,-11,0.571428571,-6,-21.71428571,-12.14285714,6,22.37142857,89,4048
2020/6/29,-10,1.285714286,-3.857142857,-21.28571429,-11.85714286,5.857142857,23.18571429,85.28571429,4067.142857
2020/6/30,-10.42857143,0.571428571,-7.857142857,-21.42857143,-11.71428571,6,23.51428571,85.85714286,4199.857143
2020/7/1,-10.71428571,0.142857143,-10.42857143,-21.42857143,-11.42857143,6,23.88571429,86.57142857,4426.285714
2020/7/2,-10.42857143,0.285714286,-8.285714286,-21.28571429,-11.14285714,5.857142857,24.7,83.42857143,4569.857143
2020/7/3,-10.85714286,-0.428571429,-9.285714286,-21.28571429,-10.85714286,5.857142857,24.57142857,82.71428571,4832.571429
2020/7/4,-11.57142857,-1,-13.28571429,-22.28571429,-10.57142857,6.142857143,24.32857143,83.71428571,4775.571429
2020/7/5,-11.57142857,-0.571428571,-11.42857143,-22.28571429,-10.42857143,6.142857143,24.71428571,82.42857143,4933.428571
2020/7/6,-13.14285714,-1.857142857,-16,-22.71428571,-10.71428571,6.285714286,24.7,85.71428571,5321.714286
2020/7/7,-13.28571429,-1.714285714,-15.42857143,-22.85714286,-11,6.285714286,25.07142857,84.85714286,5671.428571
2020/7/8,-13.14285714,-1.571428571,-15.42857143,-23,-11.42857143,6.285714286,25.2,84,5837.285714
2020/7/9,-13.85714286,-2.285714286,-18.57142857,-23.28571429,-11.57142857,6.571428571,24.88571429,87.42857143,6157.285714
2020/7/10,-13.71428571,-1.714285714,-19,-23.42857143,-11.71428571,6.571428571,25.1,88.85714286,6494.142857
2020/7/11,-13.57142857,-1.428571429,-18.14285714,-23.42857143,-12,6.571428571,25.62857143,87.71428571,6812.428571
2020/7/12,-13.42857143,-1.428571429,-17.57142857,-23.28571429,-11.85714286,6.571428571,25.78571429,86.85714286,6701
2020/7/13,-12.71428571,-0.857142857,-15.71428571,-23,-11.71428571,6.428571429,25.24285714,86.57142857,7033
2020/7/14,-12.71428571,-1,-15.57142857,-23,-11.71428571,6.428571429,24.54285714,88.42857143,7612.285714
2020/7/15,-12.42857143,-0.714285714,-15.14285714,-22.71428571,-11.57142857,6.428571429,23.74285714,90.42857143,8129.142857
2020/7/16,-11.71428571,0,-12.28571429,-22.57142857,-11.57142857,6.285714286,23.31428571,89,9412.428571
2020/7/17,-11.85714286,-0.428571429,-12,-22.57142857,-11.57142857,6.285714286,22.45714286,90.14285714,9989.428571
2020/7/18,-12,-0.571428571,-11,-22.42857143,-11,6.142857143,21.44285714,92.71428571,10247.14286
2020/7/19,-12.28571429,-0.857142857,-9.714285714,-22.57142857,-11,6.142857143,21.2,94,10450.57143
2020/7/20,-11.71428571,0,-7.714285714,-22.57142857,-10.85714286,6,22.04285714,92.57142857,11223
2020/7/21,-11,0.714285714,-5.285714286,-22.14285714,-10.57142857,5.857142857,22.5,91.28571429,11360.14286
2020/7/22,-10.14285714,1.142857143,-4.142857143,-21.57142857,-10.28571429,5.571428571,23.38571429,90.14285714,12076.42857
2020/7/23,-8,1.142857143,-2.857142857,-24.28571429,-17,7.285714286,23.74285714,92,10880.28571
2020/7/24,-6.285714286,1.714285714,3,-27.14285714,-24,9.285714286,24.48571429,91.42857143,9837.571429
2020/7/25,-6.714285714,1.285714286,2.428571429,-27.42857143,-25.28571429,9.571428571,25.15714286,91.14285714,10175.28571
2020/7/26,-7.428571429,0.714285714,-1.428571429,-27.57142857,-25.57142857,9.714285714,25.34285714,91.85714286,10250
2020/7/27,-7.714285714,0.428571429,-2.857142857,-27.57142857,-25.85714286,9.857142857,25.25714286,93,11424.71429
2020/7/28,-8.142857143,0,-4,-27.85714286,-26.14285714,10,25.42857143,93.28571429,12277.85714
2020/7/29,-9.285714286,-0.428571429,-4.285714286,-28.71428571,-26.57142857,10.28571429,24.9,93,12608.14286
2020/7/30,-11.71428571,-0.571428571,-5.857142857,-26.28571429,-20,8.571428571,24.9,90.85714286,14233.42857
2020/7/31,-13.42857143,-0.571428571,-10.28571429,-23.57142857,-13,6.571428571,24.94285714,90.28571429,15899
2020/8/1,-13.28571429,0.285714286,-7.142857143,-23.28571429,-11.42857143,6.142857143,25.08571429,87.28571429,15909.85714
2020/8/2,-12.85714286,1.142857143,-2.857142857,-23.28571429,-11.14285714,6,25.18571429,84.42857143,16883.28571
2020/8/3,-12.71428571,1.285714286,-0.428571429,-23.57142857,-11.28571429,6,25.31428571,82.42857143,17113.57143
2020/8/4,-12.42857143,2,1.857142857,-23.71428571,-11.42857143,5.857142857,25.54285714,80.57142857,17207
2020/8/5,-12,2.285714286,3.142857143,-23.85714286,-11.71428571,5.857142857,26.42857143,79,20214.71429
2020/8/6,-11.71428571,2.428571429,4,-24,-12,5.857142857,27.18571429,78.28571429,20547.28571
2020/8/7,-11.28571429,2.428571429,4.857142857,-24.14285714,-12.42857143,5.857142857,27.85714286,75.57142857,21310.71429
2020/8/8,-11.14285714,2.285714286,4.428571429,-24,-12.85714286,5.857142857,28.14285714,75.85714286,21892.14286
2020/8/9,-10.71428571,2.142857143,4.571428571,-23.14285714,-13,5.714285714,28.48571429,76.14285714,22283.14286
2020/8/10,-7.857142857,2.714285714,9.285714286,-26,-20.42857143,7.571428571,28.95714286,76,19518.28571
2020/8/11,-6.285714286,3.142857143,11,-26.85714286,-23.28571429,8.285714286,29.44285714,74.57142857,21546.71429
2020/8/12,-4.571428571,3.857142857,13.42857143,-27.71428571,-26.57142857,9,29.57142857,75,19555.14286
2020/8/13,-2.142857143,4.857142857,17.14285714,-29,-32.14285714,10.28571429,29.7,75.42857143,19419
2020/8/14,-0.428571429,5.571428571,21.14285714,-30.42857143,-38.14285714,11.85714286,29.68571429,76.42857143,24067.85714
2020/8/15,-0.428571429,5.285714286,22,-31,-42.28571429,12.42857143,30.1,76,23792.71429
2020/8/16,-1.428571429,4.714285714,19.85714286,-32,-43.28571429,12.57142857,30.45714286,75.57142857,22950.14286
2020/8/17,-4.142857143,4,14.28571429,-29.71428571,-36.57142857,10.85714286,30.5,76,25720.85714
2020/8/18,-5.857142857,3,12,-29.28571429,-34,10.28571429,30.3,76.57142857,24033.85714
2020/8/19,-8,1.857142857,9,-28.71428571,-30.85714286,9.714285714,30.15714286,75.57142857,23484.57143
2020/8/20,-10.71428571,0.714285714,4.142857143,-27.85714286,-25.28571429,8.571428571,30.2,74.42857143,23602.71429
2020/8/21,-13,-0.571428571,-0.571428571,-26.85714286,-19.28571429,7.142857143,30.3,73.57142857,18835
2020/8/22,-13.14285714,-0.714285714,-2.571428571,-26.71428571,-15.14285714,6.714285714,30.05714286,73.42857143,19063.28571
2020/8/23,-12.85714286,-0.714285714,-3.142857143,-26.85714286,-14.14285714,6.714285714,29.25714286,75.28571429,19565.42857
2020/8/24,-13.14285714,-1,-3.428571429,-26.57142857,-13.42857143,6.571428571,28.74285714,75.71428571,19024.85714
2020/8/25,-12.85714286,-0.714285714,-3.857142857,-26.14285714,-13,6.428571429,28.38571429,76.28571429,18611.71429
2020/8/26,-12.71428571,-0.714285714,-4.428571429,-25.85714286,-12.57142857,6.285714286,28.35714286,77,18242.57143
2020/8/27,-12.85714286,-1,-4.857142857,-25.57142857,-12.28571429,6.142857143,28.3,77.71428571,18193.57143
2020/8/28,-12.71428571,-0.857142857,-5.142857143,-25.28571429,-12,6,28.31428571,78.28571429,17726.57143
2020/8/29,-12.42857143,-0.714285714,-4.714285714,-25,-12,5.857142857,28.45714286,78,17664.71429
2020/8/30,-12,-0.285714286,-4.571428571,-24.71428571,-11.85714286,5.857142857,29.08571429,76,17468.14286
2020/8/31,-12,-0.142857143,-5.285714286,-24.57142857,-11.57142857,5.857142857,29.12857143,76.14285714,17393.57143
2020/9/1,-12.57142857,-0.428571429,-5.857142857,-24.57142857,-11.42857143,5.857142857,28.71428571,77.57142857,17378.28571
2020/9/2,-13.14285714,-0.857142857,-7,-24.85714286,-11.42857143,5.857142857,28.42857143,79.85714286,18059.71429
2020/9/3,-13.28571429,-1,-7.571428571,-24.85714286,-11.42857143,5.857142857,28.3,80.71428571,18266.14286
2020/9/4,-13.14285714,-0.857142857,-8.142857143,-24.71428571,-11.28571429,5.857142857,28.17142857,80.71428571,17817.57143
2020/9/5,-13,-0.571428571,-9.142857143,-24.85714286,-11.14285714,6,27.92857143,81.57142857,17676.85714
2020/9/6,-13.85714286,-1.714285714,-11.28571429,-25.71428571,-11.57142857,6.142857143,27.31428571,84.57142857,16905.14286
2020/9/7,-15.14285714,-3.285714286,-13.14285714,-26.57142857,-12.85714286,6.571428571,27.2,86.42857143,17259.85714
2020/9/8,-14.85714286,-3.285714286,-12.71428571,-26.42857143,-13,6.428571429,27.85714286,84.71428571,16760.71429
2020/9/9,-14.42857143,-3.285714286,-11.71428571,-26,-13,6.285714286,28.17142857,81.71428571,16610.57143
2020/9/10,-14,-3.142857143,-10.71428571,-25.42857143,-13,6.142857143,28.07142857,81,16512.71429
2020/9/11,-13.85714286,-3.285714286,-9.571428571,-25,-13,6,27.92857143,81.42857143,16658.71429
2020/9/12,-13.85714286,-4,-10,-24.71428571,-13.28571429,5.857142857,27.22857143,84,16460.85714
2020/9/13,-12.57142857,-3.142857143,-6.857142857,-23.28571429,-12.71428571,5.428571429,26.88571429,83.28571429,15931.85714
2020/9/14,-11,-1.857142857,-3.285714286,-21.85714286,-11.28571429,4.714285714,26.41428571,82.28571429,16136.71429
2020/9/15,-10.42857143,-1.714285714,-1.714285714,-21.28571429,-11,4.571428571,25.6,83.57142857,16926.14286
2020/9/16,-10,-1.428571429,-0.285714286,-20.71428571,-10.71428571,4.428571429,24.88571429,84.85714286,16246.42857
2020/9/17,-10,-1.857142857,0.285714286,-20.57142857,-10.57142857,4.285714286,24.48571429,86,16390.28571
2020/9/18,-9.857142857,-2,-0.285714286,-20.28571429,-10.42857143,4.142857143,24.58571429,85.28571429,16551.14286
2020/9/19,-9.285714286,-1.428571429,3.571428571,-18.42857143,-9.857142857,3.714285714,24.72857143,82.57142857,16406.14286
2020/9/20,-8.142857143,-0.857142857,7.571428571,-15.85714286,-9.714285714,3.285714286,24.57142857,81.28571429,17217.71429
2020/9/21,-3.571428571,0.428571429,18.14285714,-16.71428571,-17.28571429,4.714285714,24.37142857,80.14285714,13979.42857
2020/9/22,-1.142857143,0.857142857,24.14285714,-19.14285714,-24.42857143,6.428571429,24.18571429,79.28571429,11582.71429
2020/9/23,-1.857142857,0.714285714,21.71428571,-19.14285714,-24.28571429,6.571428571,23.64285714,81.28571429,12812.85714
2020/9/24,-2.571428571,0.428571429,19.28571429,-19.57142857,-24.14285714,6.857142857,22.8,81.85714286,12199.71429
2020/9/25,-3.142857143,0.285714286,16.57142857,-19.57142857,-24,7.142857143,21.42857143,84.85714286,13759.85714
2020/9/26,-3.714285714,0.142857143,12.71428571,-20.71428571,-23.71428571,7.571428571,20.54285714,87.57142857,13901.57143
2020/9/27,-4.571428571,0.142857143,9.857142857,-22.57142857,-23.42857143,8,20.18571429,88.71428571,13672.57143
2020/9/28,-8.571428571,-0.428571429,-0.714285714,-21.14285714,-15.85714286,6.571428571,20.11428571,87.71428571,16097.14286
2020/9/29,-10.85714286,-0.714285714,-7.428571429,-18.57142857,-8.571428571,4.857142857,19.71428571,86.42857143,30424.28571
2020/9/30,-9.571428571,0.285714286,-5.428571429,-18.28571429,-8.428571429,4.571428571,19.68571429,82.28571429,29358.14286
2020/10/1,-8.714285714,1.142857143,-3.428571429,-17.71428571,-8.142857143,4.285714286,19.75714286,81.28571429,29165.28571
2020/10/2,-8.142857143,1.428571429,0.428571429,-17.71428571,-8,4,19.98571429,78,28213
2020/10/3,-7.714285714,1.571428571,4.142857143,-17.28571429,-8.285714286,3.857142857,20.44285714,74.71428571,28664.71429
2020/10/4,-7.857142857,1.285714286,4.857142857,-17,-8.571428571,3.857142857,20.77142857,73.14285714,28718.71429
2020/10/5,-8.428571429,0.857142857,4,-17.28571429,-8.571428571,3.857142857,20.8,74.57142857,29020.85714
2020/10/6,-8.714285714,0.571428571,4.142857143,-17.28571429,-8.571428571,3.857142857,20.98571429,72.42857143,17129.28571
2020/10/7,-9.428571429,-0.428571429,3.285714286,-17.42857143,-8.714285714,4,20.74285714,73.42857143,17406.28571
2020/10/8,-10.28571429,-1.571428571,-0.571428571,-17.71428571,-9,4.285714286,20.05714286,75.42857143,17938.57143
2020/10/9,-11.14285714,-2.285714286,-4.571428571,-18,-9.285714286,4.571428571,19.12857143,79.28571429,17629.57143
2020/10/10,-12.28571429,-3.428571429,-10.85714286,-19.85714286,-10.28571429,5.142857143,18.31428571,83,17218
2020/10/11,-12,-3.142857143,-11.57142857,-19.85714286,-10.14285714,5.142857143,18,85,17239.28571
2020/10/12,-11.85714286,-3.142857143,-11,-19.85714286,-10.14285714,5.142857143,17.97142857,85.85714286,17435
2020/10/13,-12,-3.142857143,-10.85714286,-19.85714286,-10.14285714,5.142857143,18.12857143,89.71428571,17348.28571
2020/10/14,-11.71428571,-3,-9.428571429,-19.71428571,-10.14285714,5.142857143,18.41428571,88.85714286,17410.57143
2020/10/15,-10.42857143,-1.571428571,-5.857142857,-19,-10,4.857142857,18.71428571,86.57142857,17316.28571
2020/10/16,-9,-0.428571429,-2.285714286,-18.28571429,-9.857142857,4.571428571,18.94285714,80.85714286,17459.71429
2020/10/17,-8.142857143,0,-2.428571429,-16.85714286,-9.142857143,4.285714286,18.47142857,79.85714286,17330.14286
2020/10/18,-7.571428571,0.285714286,-0.857142857,-15.85714286,-9.142857143,4.142857143,17.68571429,78.71428571,17336.71429
2020/10/19,-7.714285714,-0.142857143,-2.714285714,-15.71428571,-9.142857143,4.285714286,16.48571429,79,17148.85714
2020/10/20,-7,0.285714286,-2.714285714,-15.57142857,-9,4.285714286,15.55714286,78.42857143,16528.57143
2020/10/21,-6.714285714,0.571428571,-2.571428571,-15.42857143,-8.857142857,4.142857143,14.94285714,78.71428571,16572.42857
2020/10/22,-7,0,-3.285714286,-15.71428571,-8.857142857,4.142857143,15.02857143,76.85714286,16955.42857
2020/10/23,-7.571428571,-0.571428571,-6.142857143,-16,-8.857142857,4.285714286,15.12857143,81.71428571,17266.71429
2020/10/24,-6.428571429,0.571428571,0.285714286,-14.71428571,-8.857142857,3.857142857,15.78571429,76.42857143,17740.28571
2020/10/25,-6.285714286,0.714285714,1.142857143,-14.42857143,-8.857142857,3.714285714,15.95714286,72.42857143,17783.71429
2020/10/26,-5.571428571,1.428571429,3.428571429,-14.28571429,-8.714285714,3.428571429,16.4,69,17881.14286
2020/10/27,-5.714285714,1.285714286,3.571428571,-14.28571429,-8.714285714,3.428571429,16.55714286,67.57142857,19342.28571
2020/10/28,-5.571428571,1.285714286,3.285714286,-14.42857143,-8.714285714,3.428571429,16.64285714,68.14285714,19473.71429
2020/10/29,-5.285714286,1.428571429,5.142857143,-14.28571429,-8.571428571,3.428571429,16.62857143,66,19057.42857
2020/10/30,-4.714285714,1.857142857,7.714285714,-14.14285714,-8.285714286,3.142857143,16.35714286,59.42857143,18900.57143
2020/10/31,-5,1.571428571,8.142857143,-14.14285714,-7.714285714,3,15.85714286,59.14285714,18641.57143
2020/11/1,-5.285714286,1.142857143,7.428571429,-14.57142857,-7.571428571,3.142857143,15.68571429,61.14285714,18754
2020/11/2,-5.142857143,0.571428571,4.285714286,-14.85714286,-8,3.428571429,15.6,63,18601.57143
2020/11/3,-2.428571429,0.857142857,7.714285714,-17.85714286,-15,5.285714286,15.32857143,66.85714286,15996.28571
2020/11/4,-3.142857143,0.571428571,6.571428571,-17.85714286,-14.71428571,5.285714286,14.91428571,63.14285714,15821.42857
2020/11/5,-3.428571429,0.571428571,6.142857143,-18,-14.57142857,5.285714286,14.35714286,63.28571429,17111.28571
2020/11/6,-4,0.142857143,6.142857143,-18.14285714,-14.42857143,5.428571429,14.05714286,66.14285714,18033.42857
2020/11/7,-4.714285714,-0.428571429,2.285714286,-19.28571429,-14.14285714,5.714285714,14.3,69.42857143,18328
2020/11/8,-5,-0.571428571,1.714285714,-19.71428571,-14.28571429,5.857142857,14.72857143,70.28571429,18583.71429
2020/11/9,-5.714285714,-0.428571429,3.714285714,-19.71428571,-13.71428571,5.714285714,14.42857143,65.42857143,19146.71429
2020/11/10,-8.571428571,-0.857142857,-1,-16.85714286,-6.714285714,3.857142857,14.01428571,59.42857143,21675.57143
2020/11/11,-8,-0.714285714,-0.714285714,-17,-7,4,13.75714286,59.57142857,23367.14286
2020/11/12,-7.857142857,-0.714285714,-1,-17,-7.142857143,4,13.3,60.57142857,23421.28571
2020/11/13,-7.571428571,-0.428571429,-0.714285714,-17,-7.428571429,4,13.42857143,60.57142857,22821.42857
2020/11/14,-7,0,2.571428571,-16.28571429,-8.142857143,4,13.31428571,57.57142857,23277.28571
2020/11/15,-6.857142857,0.285714286,3.428571429,-16,-8.142857143,3.857142857,12.75714286,56.14285714,23437.71429
2020/11/16,-6.714285714,0.428571429,4.142857143,-16,-8.285714286,3.857142857,12.92857143,59.28571429,24099.57143
2020/11/17,-7,0.142857143,5.142857143,-16.14285714,-8.285714286,3.857142857,13.4,61,24450.28571
2020/11/18,-7.285714286,0,6,-16.14285714,-8.285714286,3.857142857,13.95714286,65.14285714,24585.85714
2020/11/19,-7.571428571,-0.142857143,6.142857143,-16.28571429,-8.285714286,3.857142857,15.22857143,66.71428571,25714.14286
2020/11/20,-7.857142857,-0.142857143,4.142857143,-16.42857143,-8.285714286,4,16.4,67.57142857,28247.28571
2020/11/21,-8.285714286,-0.142857143,3.285714286,-16.57142857,-7.857142857,3.857142857,16.67142857,66.14285714,29429.14286
2020/11/22,-8.285714286,-0.714285714,2.714285714,-16.42857143,-8,3.857142857,16.9,66.28571429,31038
2020/11/23,-5.714285714,-0.285714286,6.857142857,-19.42857143,-15.42857143,5.714285714,17.01428571,64.57142857,28102.42857
2020/11/24,-6.142857143,-0.285714286,5.142857143,-19.42857143,-15.28571429,5.714285714,16.52857143,63.71428571,30408
2020/11/25,-6.285714286,-0.142857143,2.714285714,-19.57142857,-15.14285714,5.714285714,15.77142857,66.14285714,31325.42857
2020/11/26,-6.142857143,0.142857143,2.285714286,-19.57142857,-15,5.714285714,14.87142857,67.14285714,32014.57143
2020/11/27,-6.142857143,0,3.142857143,-19.71428571,-14.85714286,5.571428571,13.4,67.85714286,32240.42857
2020/11/28,-6.285714286,-0.142857143,1.142857143,-20.57142857,-14.85714286,5.857142857,12.71428571,69.28571429,31866.57143
2020/11/29,-6.857142857,0,-1.857142857,-22.28571429,-14.71428571,6.142857143,12.01428571,67.85714286,30664.57143
2020/11/30,-9.285714286,-0.142857143,-7.571428571,-19.57142857,-7,4.285714286,11.21428571,70,35203.85714
2020/12/1,-9,0.142857143,-7.571428571,-19.85714286,-7,4.428571429,10.98571429,71.42857143,35277.57143
2020/12/2,-9.285714286,-0.285714286,-7.857142857,-20.28571429,-7,4.571428571,10.65714286,69.57142857,35589.57143
2020/12/3,-9.571428571,-0.428571429,-9.142857143,-20.71428571,-7,4.714285714,9.985714286,71,34759.42857
2020/12/4,-9.428571429,-0.285714286,-9.428571429,-20.85714286,-7,4.857142857,9.642857143,68.57142857,34015.71429
2020/12/5,-9.571428571,-0.428571429,-11,-21.28571429,-7,4.857142857,8.9,72.85714286,34016.57143
2020/12/6,-9.285714286,-0.285714286,-10.57142857,-21.14285714,-7,4.857142857,8.628571429,76.28571429,34821.85714
2020/12/7,-9.714285714,-0.571428571,-10.42857143,-21.28571429,-7.142857143,5,8.6,76.57142857,34307.85714
2020/12/8,-9.857142857,-0.857142857,-10.71428571,-21.57142857,-7.142857143,5,8.771428571,76.57142857,33703.71429
2020/12/9,-9.714285714,-0.714285714,-10.28571429,-21.71428571,-7.285714286,5,9,73.71428571,35321
2020/12/10,-9.428571429,-0.428571429,-10.14285714,-21.57142857,-7.428571429,5,9.171428571,71,36433.71429
2020/12/11,-9.571428571,-0.571428571,-10,-21.57142857,-7.428571429,4.857142857,9.314285714,73.14285714,38675
2020/12/12,-9.142857143,-0.285714286,-8.857142857,-21.28571429,-7.714285714,4.857142857,10,70.85714286,39516.42857
2020/12/13,-9.142857143,-0.285714286,-10.14285714,-21.42857143,-7.714285714,4.857142857,10.24285714,69.71428571,38878.14286
2020/12/14,-9.285714286,-0.714285714,-11.57142857,-21.57142857,-7.857142857,4.857142857,10.07142857,68.42857143,41166.85714
2020/12/15,-8.714285714,-0.285714286,-13,-21.28571429,-8,4.857142857,9.314285714,65.42857143,41989.28571
2020/12/16,-8.571428571,-0.142857143,-14.42857143,-21.14285714,-8,4.857142857,8.571428571,62.85714286,41953
2020/12/17,-8.714285714,-0.428571429,-15.57142857,-21.28571429,-8,4.857142857,7.857142857,58.57142857,44499.71429
2020/12/18,-8.571428571,-0.142857143,-16.71428571,-21.28571429,-8,5,7.271428571,55.14285714,44869.28571
2020/12/19,-8.714285714,-0.142857143,-18.42857143,-21.42857143,-7.571428571,5,6.471428571,52,44704.42857
2020/12/20,-8.714285714,0,-20.14285714,-21.71428571,-7.428571429,5,5.685714286,48.14285714,44581.28571
2020/12/21,-8.142857143,0.714285714,-19.85714286,-21.57142857,-7.428571429,5,5.228571429,45,44851.57143
2020/12/22,-8.142857143,0.571428571,-19.14285714,-21.71428571,-7.428571429,5,5.157142857,47.28571429,42750.57143
2020/12/23,-7.428571429,1.142857143,-18,-21.57142857,-7.428571429,4.857142857,5.6,48.85714286,45315.57143
2020/12/24,-6.142857143,2.285714286,-18.28571429,-21.57142857,-7.571428571,4.857142857,6.128571429,50.85714286,45468.85714
2020/12/25,-5.571428571,3,-18.42857143,-21.71428571,-7.857142857,5,6.5,50.42857143,46017.42857
2020/12/26,-6,3,-18.28571429,-21.85714286,-7.714285714,5,6.585714286,50.85714286,46821.42857
2020/12/27,-6.428571429,3,-18.14285714,-21.85714286,-7.428571429,5.142857143,7.071428571,52.85714286,46775.85714
2020/12/28,-4,4.285714286,-17.85714286,-22.71428571,-10,5.714285714,7.528571429,57.42857143,49452
2020/12/29,-0.857142857,6.428571429,-16.71428571,-25,-15.85714286,7.285714286,7.971428571,58.14285714,48557.71429
2020/12/30,1,8.428571429,-19.57142857,-28.57142857,-23.85714286,9.714285714,7.857142857,60.14285714,41245
2020/12/31,-0.285714286,9.142857143,-20.42857143,-33.71428571,-33.28571429,12.85714286,7.2,57,37825.42857
2021/1/1,-5.857142857,2.571428571,-18.85714286,-40,-43.85714286,16.42857143,6.585714286,55.71428571,32798.42857
2021/1/2,-8.142857143,-0.571428571,-19.28571429,-43,-51.71428571,17.85714286,6.357142857,56,29379.71429
2021/1/3,-10,-2.857142857,-19.85714286,-44.28571429,-55.28571429,18.28571429,5.771428571,55,30569.42857
2021/1/4,-11.28571429,-4.142857143,-19.14285714,-45.57142857,-57.71428571,19.28571429,5.385714286,52.14285714,31991.57143
2021/1/5,-14.85714286,-6.571428571,-21.28571429,-44.57142857,-53.71428571,18.57142857,5,52.28571429,41076.71429
2021/1/6,-18.14285714,-9,-19.57142857,-42.14285714,-46.28571429,16.57142857,4.771428571,53,48633.57143
2021/1/7,-19.85714286,-11.57142857,-19.85714286,-38.28571429,-37.28571429,14,5.185714286,54.85714286,54614.28571
2021/1/8,-17.28571429,-6.857142857,-23.28571429,-33.42857143,-27.14285714,10.85714286,4.9,55.14285714,60085.85714
2021/1/9,-17.14285714,-5,-24.71428571,-32.71428571,-20.28571429,10.14285714,4.628571429,52,63940.71429
2021/1/10,-16.57142857,-3.714285714,-25,-33.42857143,-17.85714286,10,4.471428571,50.85714286,64471.71429
2021/1/11,-17.57142857,-4.285714286,-25.71428571,-36.14285714,-20.28571429,10.85714286,3.971428571,50.14285714,55272.28571
2021/1/12,-19.85714286,-5.285714286,-27.85714286,-36.14285714,-19,10.57142857,3.6,50.28571429,55001.57143
2021/1/13,-20.85714286,-5.857142857,-27.71428571,-36.28571429,-18.85714286,10.57142857,3.671428571,49,56042.71429
2021/1/14,-21,-5.857142857,-25.85714286,-36.42857143,-18.85714286,10.28571429,3.9,50.14285714,58873.42857
2021/1/15,-20.71428571,-5.571428571,-24.71428571,-36.57142857,-18.85714286,10,4.5,53.85714286,59907.28571
2021/1/16,-20.42857143,-5.428571429,-22.85714286,-36.42857143,-18.71428571,9.571428571,5.514285714,58.14285714,61183.28571
2021/1/17,-21.14285714,-6,-23.28571429,-37,-19,9.571428571,6.014285714,59.28571429,60044.71429
2021/1/18,-23.71428571,-6.714285714,-24.57142857,-33.85714286,-12.28571429,7.428571429,6.3,62.14285714,68734.85714
2021/1/19,-23.71428571,-6.857142857,-23.14285714,-34.42857143,-12.71428571,7.285714286,6.442857143,58.14285714,71129.42857
2021/1/20,-23.71428571,-7,-23.14285714,-34.85714286,-13.14285714,7.285714286,6.171428571,54.85714286,71922.14286
2021/1/21,-23.71428571,-7.142857143,-23.28571429,-35,-13.42857143,7.285714286,5.728571429,54.57142857,69709.85714
2021/1/22,-24,-7.571428571,-24,-35.14285714,-13.57142857,7.428571429,6.028571429,51.71428571,74090.28571
2021/1/23,-24.42857143,-8.142857143,-28.57142857,-35.57142857,-14.28571429,7.857142857,5.514285714,55.14285714,73012.28571
2021/1/24,-25,-8.714285714,-32.14285714,-36,-14.57142857,8.142857143,5.257142857,61.28571429,73404.57143
2021/1/25,-24.28571429,-8,-31.14285714,-35.71428571,-14.57142857,8.142857143,5.728571429,62.28571429,73571.42857
2021/1/26,-23.85714286,-7.571428571,-30.71428571,-35.42857143,-14.42857143,8.142857143,6.171428571,67,68288.85714
2021/1/27,-24,-7.714285714,-31.57142857,-35.57142857,-14.42857143,8.285714286,7.085714286,70.85714286,68863.14286
2021/1/28,-24.14285714,-7.857142857,-33.14285714,-35.71428571,-14.42857143,8.428571429,7.028571429,74.42857143,65800.71429
2021/1/29,-24,-7.714285714,-33.28571429,-35.71428571,-14.28571429,8.428571429,6.542857143,75.28571429,63089.71429
2021/1/30,-23,-6.571428571,-29.28571429,-35,-13.71428571,8.142857143,6.214285714,68.28571429,63562.42857
2021/1/31,-21.57142857,-5.142857143,-23.71428571,-33.71428571,-12.85714286,7.714285714,6.371428571,60.71428571,63417.85714
2021/2/1,-22,-5.571428571,-25,-33.85714286,-12.71428571,7.714285714,6.314285714,58.28571429,61321.85714
2021/2/2,-21.71428571,-4.428571429,-25.57142857,-33.85714286,-12.57142857,7.714285714,6.5,57.42857143,60289.71429
2021/2/3,-21.85714286,-4.714285714,-24.85714286,-33.71428571,-12.42857143,7.571428571,5.914285714,53.71428571,57144.42857
2021/2/4,-21.85714286,-4.714285714,-24.14285714,-33.57142857,-12.42857143,7.571428571,6.285714286,48.57142857,56797.28571
2021/2/5,-21.57142857,-4.285714286,-22.71428571,-33.42857143,-12.42857143,7.428571429,6.542857143,48.42857143,55204.14286
2021/2/6,-21.42857143,-4.142857143,-20.71428571,-33,-12.42857143,7.285714286,7.228571429,51.14285714,54149.57143
2021/2/7,-21.57142857,-4.285714286,-19.85714286,-32.85714286,-12.71428571,7.285714286,7.871428571,52.14285714,54209.42857
2021/2/8,-21.57142857,-4.428571429,-19.42857143,-32.71428571,-12.71428571,7.285714286,7.714285714,49.85714286,52956.57143
2021/2/9,-21.57142857,-5.571428571,-18.57142857,-32.57142857,-12.71428571,7.142857143,7.128571429,44.85714286,55677
2021/2/10,-20.42857143,-4.571428571,-17.71428571,-32,-12.57142857,6.857142857,7.2,45.71428571,55183.42857
2021/2/11,-17.42857143,-3.714285714,-13.57142857,-34.28571429,-18.71428571,8.428571429,7.442857143,46,51035.28571
2021/2/12,-17,-3.571428571,-13.28571429,-34,-18.85714286,8.428571429,7.542857143,46.42857143,48964.71429
2021/2/13,-16.85714286,-3.571428571,-12.85714286,-33.71428571,-18.85714286,8.285714286,7.757142857,48,48561.42857
2021/2/14,-16.85714286,-3.571428571,-12.14285714,-33.14285714,-18.42857143,8.142857143,8.1,50.14285714,48065
2021/2/15,-17.14285714,-3.857142857,-14.57142857,-33.14285714,-18.57142857,8.142857143,8.857142857,57.28571429,48053.85714
2021/2/16,-16.85714286,-3.285714286,-14.28571429,-32.85714286,-18.57142857,8.142857143,9.7,58.14285714,45439
2021/2/17,-17.71428571,-4,-16.42857143,-33.14285714,-18.71428571,8.428571429,9.828571429,56.57142857,44837
2021/2/18,-20.42857143,-4.714285714,-21.28571429,-30.57142857,-12.57142857,6.714285714,9.2,55.28571429,47928.28571
2021/2/19,-20.28571429,-4.571428571,-21.71428571,-30.28571429,-12.28571429,6.571428571,9.071428571,53.14285714,50543.28571
2021/2/20,-19.85714286,-4,-21.71428571,-29.71428571,-12,6.428571429,9.042857143,50.42857143,50737.42857
2021/2/21,-19.28571429,-3.571428571,-20.14285714,-29,-12.14285714,6.285714286,9.271428571,49.28571429,50732.71429
2021/2/22,-17.28571429,-2.142857143,-15.14285714,-28.28571429,-12.28571429,6,9.771428571,43.85714286,50126.85714
2021/2/23,-14.85714286,-1.857142857,-11.14285714,-31,-18.57142857,7.714285714,9.828571429,44,44194.71429
2021/2/24,-14.42857143,-1.428571429,-9.571428571,-30.42857143,-18.28571429,7.428571429,9.657142857,43.57142857,43275.28571
2021/2/25,-13.57142857,-0.428571429,-7.571428571,-29.71428571,-17.85714286,7.142857143,9.985714286,45,43951
2021/2/26,-13.71428571,-0.571428571,-9.285714286,-29.57142857,-17.85714286,7.142857143,10.24285714,45.28571429,41509.42857
2021/2/27,-13.57142857,-0.714285714,-10.85714286,-29.71428571,-17.71428571,7.285714286,9.6,44,41169
2021/2/28,-13,-0.285714286,-12.42857143,-29.57142857,-17.14285714,7.285714286,8.557142857,43.71428571,41896.42857
2021/3/1,-13.57142857,-0.428571429,-13.57142857,-29.57142857,-16.57142857,7.285714286,8.114285714,45.28571429,42740.71429
2021/3/2,-16.71428571,-2,-20.71428571,-27.14285714,-10.28571429,5.714285714,8.471428571,51.42857143,51883.57143
2021/3/3,-15.85714286,-1.285714286,-20.14285714,-27.14285714,-10.42857143,5.714285714,8.614285714,52.71428571,48378.71429
2021/3/4,-15.85714286,-1.857142857,-20.14285714,-27.28571429,-10.57142857,5.857142857,8.957142857,54.85714286,49753.28571
2021/3/5,-15.57142857,-2,-19.28571429,-27.28571429,-10.57142857,6,9.4,59.85714286,47937.42857
2021/3/6,-15.28571429,-2.142857143,-18.42857143,-27,-10.85714286,6,10.55714286,64.42857143,48203.42857
2021/3/7,-15.42857143,-2.714285714,-19.85714286,-27.28571429,-11.28571429,6,10.72857143,64.71428571,47436.85714
2021/3/8,-15.57142857,-3.428571429,-22,-27.28571429,-11.57142857,6.142857143,9.985714286,68,48555
2021/3/9,-14,-2,-17.71428571,-26.57142857,-11.42857143,5.857142857,9.428571429,66.28571429,42542.57143
2021/3/10,-13.71428571,-2.285714286,-16.85714286,-26.28571429,-11.42857143,5.857142857,10.08571429,66.57142857,46826
2021/3/11,-13,-1.857142857,-15.57142857,-26,-11.42857143,5.714285714,10.21428571,65.42857143,45111
2021/3/12,-12.42857143,-1.714285714,-15.14285714,-25.71428571,-11.57142857,5.571428571,10.34285714,63.28571429,46598
2021/3/13,-12.85714286,-2.714285714,-19,-26.14285714,-12.14285714,5.714285714,9.957142857,66.85714286,46631.85714
2021/3/14,-12,-2,-16.85714286,-24.85714286,-12,5.571428571,10.62857143,65.42857143,47040
2021/3/15,-11.14285714,-1.142857143,-13.57142857,-24.42857143,-11.85714286,5.428571429,11.52857143,57.85714286,44461.85714
2021/3/16,-11.14285714,-1.142857143,-13.57142857,-24.14285714,-11.85714286,5.428571429,12.22857143,54.42857143,45538.85714
2021/3/17,-11.14285714,-1.142857143,-12.85714286,-24,-11.85714286,5.428571429,12.47142857,53.42857143,49077
2021/3/18,-11,-1,-12.42857143,-23.71428571,-11.85714286,5.428571429,12.81428571,53,48798.14286
2021/3/19,-10.14285714,-0.285714286,-9.285714286,-23.28571429,-12,5.285714286,12.84285714,52.14285714,51046.57143
2021/3/20,-8.857142857,1.285714286,-3.714285714,-22,-13.71428571,5,13.27142857,48.28571429,50955.57143
2021/3/21,-11,-1.142857143,-11,-23.85714286,-14.28571429,5.428571429,13.87142857,55.28571429,50917.14286
2021/3/22,-11.14285714,-1.428571429,-12,-23.71428571,-14.42857143,5.428571429,13.75714286,58.14285714,51145.57143
2021/3/23,-10.42857143,-1.142857143,-9.428571429,-23.28571429,-14.42857143,5.285714286,13.22857143,58.14285714,51851.14286
2021/3/24,-9.857142857,-1,-7.142857143,-22.85714286,-14.42857143,5.142857143,13.24285714,61.42857143,48287.57143
2021/3/25,-9.428571429,-0.714285714,-7.428571429,-22.71428571,-14.57142857,5.142857143,13.55714286,65.28571429,49394.14286
2021/3/26,-9.285714286,-0.714285714,-5.285714286,-22.28571429,-14.57142857,5,13.78571429,63.14285714,48822
2021/3/27,-9.142857143,-0.428571429,0,-21,-12.42857143,4.571428571,13.72857143,60.42857143,50098.14286
2021/3/28,-8,1,3.428571429,-19.71428571,-12,4.285714286,13.7,58.28571429,50368.14286
2021/3/29,-7.142857143,1.428571429,7.714285714,-19.42857143,-12.28571429,4.142857143,14.47142857,62.57142857,53326.71429
2021/3/30,-6.571428571,1.571428571,9.285714286,-19.28571429,-12.57142857,4.142857143,15.47142857,66.85714286,51688.42857
2021/3/31,-6.142857143,1.857142857,10.57142857,-19,-12.57142857,4.142857143,16.05714286,65.85714286,52754.28571
2021/4/1,-6.428571429,1.714285714,13.14285714,-18.71428571,-12.57142857,4,16.35714286,63.71428571,53144.57143
2021/4/2,-7.142857143,1.428571429,12.42857143,-19,-12.57142857,4.142857143,16.57142857,66.71428571,52266
2021/4/3,-7.571428571,1.142857143,10.42857143,-19.71428571,-12.71428571,4.428571429,17.02857143,68.71428571,52482
2021/4/4,-7.714285714,1,10.85714286,-20,-13.14285714,4.571428571,17.31428571,68,52239.42857
2021/4/5,-8.714285714,0.571428571,5.857142857,-20.42857143,-13.14285714,4.714285714,16.65714286,68.71428571,50538.71429
2021/4/6,-9.714285714,0.285714286,3.142857143,-20.71428571,-13.28571429,4.714285714,15.62857143,67.14285714,52220.42857
2021/4/7,-10.71428571,0,0.571428571,-21.14285714,-13.71428571,4.857142857,14.97142857,67.85714286,50933.14286
2021/4/8,-11.28571429,-0.285714286,-2,-21.42857143,-13.85714286,5,14.5,68.42857143,51730.57143
2021/4/9,-11.71428571,-0.428571429,-4.571428571,-21.42857143,-13.85714286,5,13.91428571,66,52653.85714
2021/4/10,-12,-0.428571429,-6.714285714,-22.14285714,-14.14285714,5.142857143,12.98571429,63,52628.28571
2021/4/11,-11.42857143,0.714285714,-0.428571429,-21.42857143,-13.85714286,4.857142857,12.12857143,60.57142857,53382.14286
2021/4/12,-11.85714286,0.714285714,1.142857143,-21.14285714,-13.57142857,4.857142857,12.34285714,56.42857143,55094.42857
2021/4/13,-13,0.142857143,-2.428571429,-21.14285714,-13.42857143,5,13.07142857,58.42857143,56845.71429
2021/4/14,-14,-0.571428571,-6.142857143,-21.28571429,-13.28571429,5.142857143,13.35714286,63.71428571,58941.14286
2021/4/15,-13.57142857,0.428571429,-5.857142857,-21,-13,5,12.98571429,62,60565.57143
2021/4/16,-13.42857143,0.857142857,-6.142857143,-21,-12.85714286,5,13.24285714,64.57142857,62045.14286
2021/4/17,-14.42857143,-0.428571429,-12.57142857,-22.14285714,-12.85714286,5.285714286,14,70,63413.57143
2021/4/18,-14.42857143,-0.571428571,-15.57142857,-22.57142857,-13,5.428571429,14.55714286,69,64571.42857
2021/4/19,-14.28571429,-0.428571429,-15.14285714,-22.42857143,-12.85714286,5.428571429,14.75714286,66.28571429,66633.71429
2021/4/20,-13.28571429,0.714285714,-11,-22.14285714,-12.57142857,5.285714286,14.97142857,62.42857143,67444.14286
2021/4/21,-12.57142857,1.571428571,-7.428571429,-21.85714286,-12.28571429,5.142857143,15.51428571,53.71428571,70777.85714
2021/4/22,-13.14285714,0.857142857,-7.428571429,-22.14285714,-12.28571429,5.285714286,16.57142857,50.71428571,72481.71429
2021/4/23,-13,1,-6.285714286,-22,-12.14285714,5.285714286,16.58571429,49,74384.57143
2021/4/24,-11.85714286,2.428571429,0.428571429,-20.71428571,-11.71428571,4.857142857,16.52857143,45.71428571,75487.14286
2021/4/25,-12.42857143,2.571428571,1.285714286,-21.42857143,-11.71428571,4.857142857,16.6,46.71428571,76246.42857
2021/4/26,-12.71428571,2.857142857,0.857142857,-21.71428571,-11.71428571,4.857142857,16.25714286,45.85714286,75850.57143
2021/4/27,-13.14285714,2.714285714,0.428571429,-22.14285714,-11.71428571,4.857142857,15.88571429,46.14285714,77293
2021/4/28,-13.28571429,2.857142857,-2,-22.28571429,-11.71428571,4.857142857,15.75714286,50.14285714,73247
2021/4/29,-13,1.571428571,-7.428571429,-26.71428571,-18.57142857,7.285714286,15.62857143,58.57142857,72913.28571
2021/4/30,-12.42857143,2.857142857,-7,-27.71428571,-20.28571429,7.714285714,16.34285714,60.28571429,69085.85714
2021/5/1,-13.85714286,2.285714286,-9.428571429,-28.85714286,-21.14285714,8.142857143,16.68571429,62.57142857,70529
2021/5/2,-14,1.857142857,-10.71428571,-28.57142857,-21.85714286,8.285714286,16.6,63.71428571,70576.28571
2021/5/3,-10.28571429,2.857142857,-0.857142857,-31,-30.14285714,10.28571429,17.02857143,64.71428571,64899.28571
2021/5/4,-7,3.857142857,9.714285714,-33.42857143,-38.42857143,12.42857143,17.51428571,64.42857143,57284.71429
2021/5/5,-6.285714286,3,9,-37.85714286,-46.57142857,15,17.52857143,65.71428571,57138.85714
2021/5/6,-6.857142857,4.857142857,14.57142857,-34,-40.42857143,12.85714286,17.71428571,63.42857143,56805.28571
2021/5/7,-8.714285714,3,12.14285714,-34.28571429,-39.42857143,12.85714286,17.52857143,66.14285714,63271.57143
2021/5/8,-8.857142857,3.142857143,13.42857143,-34.71428571,-38.14285714,12.85714286,17.78571429,65.85714286,63654.14286
2021/5/9,-9.142857143,3.428571429,14.42857143,-35.57142857,-37.42857143,13,18.74285714,64.42857143,64385.71429
2021/5/10,-13.14285714,2.571428571,4.428571429,-33.57142857,-29.28571429,11.14285714,19.28571429,64.57142857,76741.57143
2021/5/11,-17.14285714,1.428571429,-7.142857143,-31.42857143,-21.14285714,9.285714286,19.21428571,65.42857143,86640.42857
2021/5/12,-18.85714286,2,-6.142857143,-27.57142857,-13.28571429,6.857142857,19.15714286,63.14285714,89495.85714
2021/5/13,-19.71428571,1.142857143,-8.857142857,-27.71428571,-12.85714286,6.857142857,18.81428571,65.85714286,94198.14286
2021/5/14,-19.42857143,1.857142857,-7,-27.14285714,-12.28571429,6.571428571,19.28571429,65,92757.85714
2021/5/15,-19.14285714,2.428571429,-7.571428571,-26.85714286,-12.85714286,6.571428571,19.52857143,65.14285714,92167.42857
2021/5/16,-19.85714286,2,-12.28571429,-27.57142857,-13.14285714,6.714285714,19.1,68.85714286,91397.42857
2021/5/17,-20.57142857,1.428571429,-15.28571429,-27.71428571,-13.14285714,6.857142857,19.5,75.28571429,86361.42857
2021/5/18,-20.71428571,1.285714286,-16.71428571,-27.85714286,-13,6.857142857,19.92857143,79.85714286,84834.85714
2021/5/19,-20.85714286,1.142857143,-18.42857143,-28,-12.85714286,7,19.82857143,85.85714286,93715
2021/5/20,-20.85714286,1.285714286,-18.85714286,-28.28571429,-12.71428571,7.142857143,20.25714286,85.71428571,90112.85714
2021/5/21,-21.57142857,0.428571429,-23,-29,-12.71428571,7.571428571,20.38571429,87.85714286,92608.42857
2021/5/22,-21.57142857,0.285714286,-24.42857143,-29.57142857,-12.71428571,7.714285714,20.21428571,89.42857143,92567.71429
2021/5/23,-20.85714286,1,-19.14285714,-28.85714286,-12.28571429,7.428571429,20.15714286,88.71428571,92469.85714
2021/5/24,-20.57142857,1.142857143,-17.42857143,-29,-12.14285714,7.428571429,20.02857143,85.42857143,91925.71429
2021/5/25,-19.85714286,2.142857143,-15.57142857,-28.85714286,-12,7.285714286,20.3,82,89596.14286
2021/5/26,-19,3.142857143,-11.71428571,-28.71428571,-11.71428571,7.142857143,20.85714286,76.71428571,80718.28571
2021/5/27,-19.42857143,2.428571429,-13.42857143,-28.85714286,-11.57142857,7.142857143,20.54285714,76.85714286,83475
2021/5/28,-18.28571429,3.714285714,-9.428571429,-28.28571429,-11.14285714,6.714285714,20.37142857,74.42857143,83671.85714
2021/5/29,-17.85714286,4.142857143,-7.285714286,-27.71428571,-10.71428571,6.428571429,20.77142857,72.14285714,82314.85714
2021/5/30,-17.42857143,4.428571429,-7.428571429,-27.42857143,-10.42857143,6.428571429,21,71.28571429,81576.85714
2021/5/31,-16.57142857,5.285714286,-5.571428571,-27.14285714,-9.857142857,6.285714286,20.78571429,71.71428571,80446.42857
2021/6/1,-16.57142857,5,-5.142857143,-27.14285714,-9.428571429,6.285714286,20.45714286,72.85714286,80067.71429
2021/6/2,-16.57142857,4.714285714,-5.571428571,-27.14285714,-9.142857143,6.285714286,20.58571429,74.14285714,78567.85714
2021/6/3,-15.57142857,5.857142857,-1.857142857,-26.57142857,-8.714285714,6.142857143,21.32857143,71.14285714,87110
2021/6/4,-17,4,-6.857142857,-27,-8.857142857,6.571428571,21.4,74.28571429,84220.57143
2021/6/5,-16.71428571,4.285714286,-6.714285714,-26.85714286,-9,6.571428571,21.3,75.71428571,83806.28571
2021/6/6,-16.85714286,4,-8.142857143,-26.85714286,-9.142857143,6.571428571,21.37142857,77.42857143,83287.57143
2021/6/7,-17,3.857142857,-8.285714286,-26.85714286,-9.285714286,6.571428571,21.77142857,77.85714286,82063.42857
2021/6/8,-17.14285714,3.714285714,-8.714285714,-26.85714286,-9.428571429,6.571428571,22.44285714,76.42857143,81313
2021/6/9,-17.14285714,3.714285714,-8.714285714,-26.71428571,-9.428571429,6.571428571,22.8,74.28571429,79402.28571
2021/6/10,-16.71428571,4.285714286,-7.714285714,-26.57142857,-9.428571429,6.428571429,23.08571429,73,64878.57143
2021/6/11,-15.14285714,6,-2.714285714,-26,-9.285714286,6,23.47142857,68.85714286,65100.42857
2021/6/12,-15.14285714,5.571428571,-3.428571429,-25.85714286,-9.714285714,6,23.64285714,68.28571429,64688
2021/6/13,-14.85714286,5.714285714,-3.714285714,-25.71428571,-9.857142857,6,24.01428571,66.14285714,64487
2021/6/14,-15,5.285714286,-5.428571429,-25.71428571,-10,6,23.67142857,69.14285714,62369.85714
2021/6/15,-14.42857143,5.857142857,-6,-25.42857143,-10,6,23.47142857,71.42857143,62237.28571
2021/6/16,-14.57142857,5.571428571,-9.142857143,-25.42857143,-10.14285714,6,23.14285714,76,62633.14286
2021/6/17,-14.42857143,5.285714286,-9.571428571,-25.42857143,-10.14285714,6,22.81428571,77.85714286,62046.42857
2021/6/18,-14.42857143,5,-10.28571429,-25.28571429,-10.14285714,6,22.68571429,78,57640.57143
2021/6/19,-14.85714286,4.142857143,-15.14285714,-25.85714286,-10,6.285714286,22.25714286,81.14285714,56457.14286
2021/6/20,-14.28571429,4.714285714,-14.28571429,-25.28571429,-9.857142857,6.142857143,22.04285714,83.57142857,57365
2021/6/21,-13.71428571,4.857142857,-12.57142857,-24.85714286,-9.714285714,6,22.31428571,81,57155
2021/6/22,-13.71428571,4.142857143,-12,-24.85714286,-9.714285714,6,22.27142857,80.42857143,55926.57143
2021/6/23,-13.28571429,4.142857143,-9.857142857,-24.71428571,-9.571428571,5.857142857,22.24285714,79.71428571,55406.85714
2021/6/24,-13.28571429,3.857142857,-10,-24.42857143,-9.571428571,5.714285714,22.38571429,79.85714286,53951.71429
2021/6/25,-12.71428571,4.285714286,-9.428571429,-24,-9.428571429,5.571428571,22.45714286,81.28571429,56901.71429
2021/6/26,-11.71428571,5.428571429,-4.285714286,-22.57142857,-9.428571429,5.142857143,23.01428571,78.28571429,56920.57143
2021/6/27,-12,4.714285714,-5.714285714,-22.71428571,-9.428571429,5.142857143,23.14285714,77.28571429,55452.57143
2021/6/28,-11.85714286,5,-6.285714286,-22.57142857,-9.428571429,5.142857143,23.35714286,77.14285714,55991.28571
2021/6/29,-12,4.714285714,-7.857142857,-22.57142857,-9.428571429,5.142857143,23.18571429,79.14285714,57320.14286
2021/6/30,-12,4.857142857,-8.714285714,-22.57142857,-9.571428571,4.857142857,22.98571429,80.42857143,58067
2021/7/1,-12.42857143,4.428571429,-11.57142857,-22.57142857,-9.571428571,5,22.71428571,83.28571429,60444.57143
2021/7/2,-13.42857143,3.428571429,-14.85714286,-22.85714286,-9.714285714,5.285714286,22.41428571,86.28571429,57213.85714
2021/7/3,-13.71428571,3.142857143,-17.42857143,-23.57142857,-9.285714286,5.428571429,22.12857143,88.85714286,56496.28571
2021/7/4,-13.85714286,2.857142857,-20.28571429,-23.85714286,-9.428571429,5.571428571,21.61428571,91.71428571,55919.14286
2021/7/5,-14.14285714,2.714285714,-21.85714286,-23.85714286,-9.428571429,5.714285714,21.28571429,95,55360.71429
2021/7/6,-14,3.142857143,-21.28571429,-23.57142857,-9.428571429,5.714285714,21.68571429,95.14285714,54223.57143
2021/7/7,-14.14285714,3,-22,-23.42857143,-9.428571429,6.142857143,22.42857143,94.28571429,54067.85714
2021/7/8,-14.14285714,3,-21.85714286,-23.57142857,-9.571428571,6.285714286,22.82857143,93.57142857,51730.71429
2021/7/9,-13.71428571,3.428571429,-21.14285714,-23.42857143,-9.571428571,6.142857143,23.15714286,93.57142857,52323.28571
2021/7/10,-13.42857143,3.714285714,-20.14285714,-23,-10,6.142857143,23.84285714,92.71428571,53180.57143
2021/7/11,-13,4.142857143,-17.28571429,-22.42857143,-9.714285714,6,24.5,91.71428571,54465.71429
2021/7/12,-12.85714286,4.142857143,-16.57142857,-22.42857143,-9.857142857,6,25.02857143,89.71428571,55253.71429
2021/7/13,-12.85714286,4.285714286,-16.28571429,-22.42857143,-10,6,25.14285714,88.28571429,62388.14286
2021/7/14,-12.57142857,4.428571429,-15,-22.28571429,-10,5.857142857,25.07142857,87.85714286,62057.85714
2021/7/15,-11.57142857,5.571428571,-12.71428571,-21.85714286,-10,5.571428571,25.45714286,86,63030.71429
2021/7/16,-11,6.142857143,-10.42857143,-21.71428571,-10,5.428571429,26.05714286,82.71428571,63779.85714
2021/7/17,-11.14285714,6,-9.142857143,-21.42857143,-9.571428571,5.142857143,26.11428571,81,63687
2021/7/18,-11.28571429,6.142857143,-8,-21.14285714,-9.714285714,5.142857143,26.6,78.85714286,63650
2021/7/19,-11.14285714,6.285714286,-7.285714286,-21.28571429,-9.714285714,5,27.08571429,77.85714286,64325.71429
2021/7/20,-10.57142857,6.714285714,-7,-21.28571429,-9.571428571,4.857142857,27.55714286,76.57142857,58906.71429
2021/7/21,-9.428571429,7.714285714,-6.142857143,-20.71428571,-9.571428571,4.714285714,28,74.85714286,59648
2021/7/22,-6.857142857,8.285714286,-1.571428571,-22.85714286,-16.14285714,6.142857143,28.28571429,73.28571429,55375.42857
2021/7/23,-5.142857143,8.714285714,3.285714286,-25.42857143,-23.14285714,8,28.38571429,72.42857143,51618.42857
2021/7/24,-5.571428571,8.428571429,3.571428571,-25.57142857,-24.57142857,8.285714286,28.54285714,72.14285714,49993.57143
2021/7/25,-6.285714286,8.285714286,3.285714286,-25.57142857,-24.71428571,8.285714286,28.6,71.28571429,48824.85714
2021/7/26,-6.142857143,8.714285714,3.857142857,-25.42857143,-25,8.285714286,28.35714286,70,52565.57143
2021/7/27,-6.857142857,8,2.857142857,-26.14285714,-25.57142857,8.571428571,27.8,71.71428571,56334.28571
2021/7/28,-7.857142857,7.428571429,2.285714286,-27,-25.85714286,8.857142857,27.7,73,58786.42857
2021/7/29,-10.71428571,6.428571429,-2,-25.42857143,-19.71428571,7.571428571,27.61428571,74.42857143,66095.57143
2021/7/30,-12.57142857,6,-7.142857143,-23.28571429,-13.14285714,5.857142857,27.24285714,77.57142857,71636
2021/7/31,-12.71428571,6.142857143,-8.571428571,-23.85714286,-11.57142857,5.857142857,27.1,78.28571429,79579
2021/8/1,-12.57142857,6.285714286,-9.571428571,-24.71428571,-11.28571429,6,27.12857143,79.14285714,82286.14286
2021/8/2,-12.71428571,6.142857143,-10.28571429,-25.14285714,-11.42857143,6.142857143,27.28571429,81.14285714,83713.71429
2021/8/3,-12.57142857,6.428571429,-9.714285714,-25.14285714,-11.57142857,6.142857143,27.87142857,80.57142857,82401.42857
2021/8/4,-12.71428571,6.428571429,-9.714285714,-25.42857143,-11.85714286,6.142857143,28.12857143,80.14285714,84409.28571
2021/8/5,-12.85714286,6.857142857,-9.857142857,-25.71428571,-12.14285714,6.285714286,28.31428571,79.42857143,88134.28571
2021/8/6,-13,7,-9.428571429,-26,-12.42857143,6.428571429,28.78571429,76.85714286,91524.71429
2021/8/7,-13.42857143,6.857142857,-10.28571429,-26.14285714,-12.71428571,6.428571429,28.84285714,78,89210.57143
2021/8/8,-14,6,-12,-26.57142857,-13.42857143,6.571428571,28.44285714,81,89958.71429
2021/8/9,-12.57142857,5.571428571,-12.28571429,-30.14285714,-20.57142857,8.714285714,28.37142857,81.57142857,79000.28571
2021/8/10,-11.28571429,6.714285714,-10.85714286,-30.42857143,-22.28571429,9,28.65714286,78.42857143,85216.28571
2021/8/11,-9.857142857,7.571428571,-8.714285714,-30.85714286,-24.57142857,9.571428571,28.61428571,76.28571429,89255.28571
2021/8/12,-8.428571429,8,-9.142857143,-32,-28.28571429,10.57142857,28.17142857,77.71428571,88668
2021/8/13,-7.714285714,7.857142857,-12.42857143,-34,-34,12.42857143,27.22857143,80.85714286,91794.71429
2021/8/14,-8.714285714,6.571428571,-16.28571429,-35.85714286,-38.57142857,13.42857143,26.42857143,83,93216.71429
2021/8/15,-9.142857143,6.714285714,-17.57142857,-36.28571429,-39.57142857,13.57142857,25.48571429,83.42857143,96216.85714
2021/8/16,-10.14285714,7.285714286,-18.71428571,-33.85714286,-35.42857143,12.42857143,24.42857143,85.42857143,107038.7143
2021/8/17,-12.28571429,5.571428571,-22.85714286,-34.28571429,-34.42857143,12.57142857,23.38571429,90.85714286,105810.2857
2021/8/18,-14.42857143,4.571428571,-26.85714286,-34.57142857,-32.42857143,12.42857143,23.07142857,94,106186.7143
2021/8/19,-16.57142857,3.571428571,-27.42857143,-34,-28.71428571,11.57142857,23.42857143,92.57142857,123562.8571
2021/8/20,-18,3.714285714,-25.14285714,-32.57142857,-23,10,24.31428571,88.85714286,108518.2857
2021/8/21,-17.42857143,5,-21.14285714,-31.42857143,-18.42857143,9.285714286,25.11428571,85.28571429,113066.5714
2021/8/22,-17.42857143,5.285714286,-19.28571429,-31.42857143,-17,9.285714286,26.42857143,81.85714286,111990.8571
2021/8/23,-18.57142857,4.857142857,-18.28571429,-31,-14.28571429,8.571428571,27.31428571,79.85714286,116097.5714
2021/8/24,-18.28571429,5.428571429,-15.57142857,-30.71428571,-13.71428571,8.285714286,27.85714286,77.28571429,122335.4286
2021/8/25,-18,5.857142857,-14.57142857,-30.42857143,-13.57142857,8.142857143,28.2,76.28571429,124243.2857
2021/8/26,-17.85714286,6.285714286,-14.14285714,-30.28571429,-13.57142857,8.142857143,28.48571429,76.42857143,111820.1429
2021/8/27,-17.85714286,6.142857143,-14,-30.28571429,-13.57142857,8.142857143,28.67142857,76.85714286,132502.4286
2021/8/28,-17.57142857,6.428571429,-13.85714286,-30.14285714,-14,8.142857143,28.94285714,77,130159
2021/8/29,-17.28571429,6.857142857,-12.85714286,-29.85714286,-14,8,28.94285714,76.42857143,131764.2857
2021/8/30,-17.14285714,7.142857143,-13,-29.85714286,-13.85714286,8,29.27142857,75.71428571,135172.5714
2021/8/31,-17.14285714,7.285714286,-13.71428571,-29.85714286,-13.42857143,8,29.18571429,75.42857143,128557.1429
2021/9/1,-17.71428571,6.857142857,-14.57142857,-29.85714286,-13,8,27.94285714,78.14285714,129180.4286
2021/9/2,-18.57142857,5.714285714,-17.57142857,-30,-12.85714286,8.142857143,26.35714286,81.57142857,125702.5714
2021/9/3,-19.14285714,5,-20.14285714,-30,-12.71428571,8.285714286,24.88571429,85.14285714,129463.1429
2021/9/4,-19.28571429,4.428571429,-22.71428571,-30.42857143,-12.57142857,8.428571429,23.57142857,88.14285714,128104.8571
2021/9/5,-18.85714286,4.571428571,-22.71428571,-30.42857143,-12.57142857,8.571428571,22.5,90.28571429,127938.5714
2021/9/6,-19.14285714,4.142857143,-22.85714286,-30.28571429,-12.42857143,8.571428571,21.17142857,91.28571429,123856.4286
2021/9/7,-19.14285714,4,-21.42857143,-30,-12.57142857,8.571428571,20.24285714,90.57142857,124010.5714
2021/9/8,-19,3.571428571,-21.28571429,-30,-12.71428571,8.571428571,20.18571429,88.85714286,121822.5714
2021/9/9,-18.42857143,4,-19.57142857,-29.71428571,-12.57142857,8.428571429,20.34285714,88.42857143,121745.5714
2021/9/10,-17.57142857,4.857142857,-16.14285714,-29.28571429,-12.42857143,8.142857143,21.07142857,85.85714286,113937.7143
2021/9/11,-17,5.285714286,-13.42857143,-28.71428571,-12.71428571,8,21.7,84.14285714,112612.5714
2021/9/12,-17,4.857142857,-13.85714286,-28.57142857,-12.71428571,7.857142857,22.18571429,84.42857143,109508.4286
2021/9/13,-16.71428571,5,-13,-28.28571429,-12.71428571,7.714285714,22.94285714,82.28571429,108131.1429
2021/9/14,-17,4.428571429,-15,-28.14285714,-12.71428571,7.714285714,23.28571429,84.14285714,105774.5714
2021/9/15,-16.28571429,5.285714286,-13.42857143,-27.71428571,-12.57142857,7.571428571,23.65714286,84,101947.7143
2021/9/16,-15.71428571,6.142857143,-11.14285714,-27.28571429,-12.42857143,7.428571429,23.91428571,80.85714286,98543.85714
2021/9/17,-16.14285714,5.714285714,-13,-27.28571429,-12.57142857,7.571428571,23.55714286,80.42857143,101857.2857
2021/9/18,-17,4.571428571,-16.28571429,-27.85714286,-12.42857143,7.714285714,23.37142857,82.28571429,99167.57143
2021/9/19,-15.85714286,5.285714286,-11.57142857,-25.85714286,-12.42857143,7.285714286,23.3,80.14285714,98543.28571
2021/9/20,-12.42857143,6.428571429,-4.428571429,-27.85714286,-19.42857143,8.714285714,22.9,79.85714286,85198.71429
2021/9/21,-11.85714286,7.285714286,-1.571428571,-27.42857143,-19.14285714,8.428571429,22.88571429,78.57142857,83310.85714
2021/9/22,-11.85714286,6.857142857,-1.571428571,-27.14285714,-18.85714286,8.142857143,23.17142857,79,81392.28571
2021/9/23,-9.571428571,7,3,-29.57142857,-25.28571429,9.714285714,23.78571429,79.42857143,74418
2021/9/24,-8.714285714,7.571428571,5.714285714,-29.14285714,-25.28571429,9.428571429,24.22857143,77.14285714,69702.57143
2021/9/25,-7.857142857,8.857142857,10.85714286,-27.71428571,-24.57142857,9,24,73.57142857,69114.28571
2021/9/26,-8.857142857,8.142857143,6.428571429,-29.14285714,-24.42857143,9.285714286,23.42857143,73.85714286,67359.42857
2021/9/27,-11.85714286,7.142857143,0.142857143,-26.71428571,-17.28571429,7.714285714,23.1,74.71428571,75093.57143
2021/9/28,-11.57142857,7,-0.285714286,-26.71428571,-17.28571429,7.714285714,22.87142857,74.42857143,73904.42857
2021/9/29,-11.57142857,7.142857143,0.428571429,-26.85714286,-17.42857143,7.857142857,22.44285714,73.42857143,72657.42857
2021/9/30,-13.57142857,7.285714286,-5,-24.14285714,-10.71428571,6.142857143,21.95714286,74.28571429,75502.28571
2021/10/1,-14.85714286,5.428571429,-8.571428571,-24.85714286,-10.57142857,6.428571429,21.04285714,78.42857143,67728.14286
2021/10/2,-14,5.571428571,-8,-24.28571429,-10.57142857,6.285714286,21.01428571,79,67534
2021/10/3,-13.14285714,6,-4.285714286,-23.14285714,-10.28571429,6.142857143,21.32857143,78.85714286,66646.57143
2021/10/4,-13,5.857142857,-4.142857143,-22.71428571,-10,6,21.81428571,79.14285714,64516.28571
2021/10/5,-12.71428571,5.857142857,-3.857142857,-22.28571429,-9.857142857,5.857142857,22.21428571,79.42857143,62202.57143
2021/10/6,-12.28571429,5.714285714,-3.428571429,-21.71428571,-9.714285714,5.714285714,22.34285714,78.85714286,59788.42857
2021/10/7,-12.14285714,4.857142857,-2,-21.28571429,-9.714285714,5.571428571,22.07142857,78.42857143,58615.42857
2021/10/8,-10.57142857,6.285714286,1.714285714,-19.85714286,-9.428571429,5,22.81428571,76.14285714,56640.85714
2021/10/9,-10.42857143,6.142857143,2.142857143,-19.42857143,-10,5,22.92857143,77,55892
2021/10/10,-10.28571429,6.142857143,1.857142857,-19,-10.14285714,4.857142857,22.94285714,77.71428571,56291.85714
2021/10/11,-10.14285714,6.142857143,1.857142857,-19,-10.42857143,5,23.01428571,78.14285714,55429.85714
2021/10/12,-10.42857143,5.714285714,0.285714286,-19,-10.42857143,5.142857143,22.52857143,80.28571429,54839.14286
2021/10/13,-10.85714286,5,-2.285714286,-19,-10.42857143,5.285714286,21.75714286,83.57142857,53373.14286
2021/10/14,-10.57142857,5.142857143,-1.571428571,-18.85714286,-10.42857143,5.285714286,21.44285714,83.85714286,55436.71429
2021/10/15,-9.857142857,5.714285714,-1.142857143,-18.57142857,-10.42857143,5.142857143,20.94285714,84.57142857,55035.85714
2021/10/16,-9.714285714,5.571428571,-2.571428571,-18.57142857,-10,5,20.7,85.57142857,54121
2021/10/17,-9.857142857,5,-7,-19.42857143,-10.14285714,5.142857143,19.77142857,86.14285714,53393.71429
2021/10/18,-9.428571429,5,-6.571428571,-19.28571429,-9.857142857,5,18.28571429,83,52457.42857
2021/10/19,-9,4.857142857,-6.285714286,-19.14285714,-9.857142857,5,17.28571429,80.85714286,51556.42857
2021/10/20,-8,5.714285714,-4.285714286,-18.85714286,-9.714285714,4.857142857,17.1,75.85714286,52963.71429
2021/10/21,-7.571428571,5.714285714,-5.142857143,-18.71428571,-9.571428571,4.857142857,16.57142857,71.42857143,49242.42857
2021/10/22,-8.142857143,4.714285714,-7.571428571,-18.85714286,-9.571428571,5,15.21428571,73.14285714,44020.71429
2021/10/23,-7.571428571,5,-6.285714286,-18.28571429,-9.857142857,5,14.15714286,69.28571429,44104.85714
2021/10/24,-6.714285714,5.714285714,-0.714285714,-16.85714286,-9.571428571,4.714285714,13.82857143,66.28571429,44245.71429
2021/10/25,-6.571428571,5.714285714,-2.714285714,-16.57142857,-9.571428571,4.714285714,13.88571429,68,45301.28571
2021/10/26,-5.857142857,6.285714286,-1.857142857,-16.28571429,-9.428571429,4.571428571,14.1,69.42857143,45515.14286
2021/10/27,-5.714285714,6.142857143,-1.428571429,-16,-9.285714286,4.428571429,13.87142857,73.57142857,43981.14286
2021/10/28,-5.285714286,6.285714286,-0.571428571,-15.71428571,-9.142857143,4.285714286,14.18571429,75.14285714,45132
2021/10/29,-4.428571429,6.857142857,1.714285714,-15.28571429,-8.857142857,4.142857143,14.77142857,69.57142857,50094.42857
2021/10/30,-4,7.142857143,3,-14.85714286,-8.285714286,4,14.9,69.28571429,49996.85714
2021/10/31,-3.571428571,7.428571429,0.857142857,-15.14285714,-8.142857143,4,14.92857143,71.71428571,49601.57143
2021/11/1,-3.714285714,7.428571429,2.857142857,-15.14285714,-7.857142857,3.857142857,15.32857143,73.28571429,48232.42857
2021/11/2,-3.285714286,7.428571429,3.857142857,-14.85714286,-7.571428571,3.714285714,15.71428571,72.28571429,48754.14286
2021/11/3,-0.571428571,8,11,-17.28571429,-14.42857143,5.428571429,16.08571429,68,43840.57143
2021/11/4,-1.142857143,7.857142857,11.14285714,-17.14285714,-14.28571429,5.428571429,15.78571429,67.28571429,44205.42857
2021/11/5,-1.571428571,7.714285714,11.57142857,-17.14285714,-14.14285714,5.428571429,15.78571429,68.42857143,43694.71429
2021/11/6,-2.285714286,7.142857143,11.28571429,-17.28571429,-14,5.428571429,15.84285714,69.14285714,42677.57143
2021/11/7,-3.142857143,6.571428571,13.28571429,-17,-14.28571429,5.571428571,16.14285714,68.14285714,42769.42857
2021/11/8,-3.285714286,6.428571429,12.57142857,-17,-14.28571429,5.714285714,16.08571429,67.85714286,43214.71429
2021/11/9,-4.857142857,5.285714286,8.571428571,-17.42857143,-14.57142857,6,15.85714286,70.85714286,42314.14286
2021/11/10,-7.428571429,4.857142857,0.857142857,-14.85714286,-7.714285714,4.285714286,15.7,70.71428571,48622.85714
2021/11/11,-7.142857143,4.857142857,-0.142857143,-14.85714286,-7.857142857,4.285714286,15.68571429,69.57142857,47557.28571
2021/11/12,-6.857142857,4.714285714,-1.285714286,-14.85714286,-7.857142857,4.285714286,15.57142857,68.28571429,48651.57143
2021/11/13,-6.428571429,4.857142857,-1.714285714,-14.71428571,-8.571428571,4.285714286,15.31428571,66.71428571,48768.42857
2021/11/14,-6.142857143,4.857142857,-2,-14.42857143,-8.571428571,4.142857143,15.07142857,65.14285714,49092
2021/11/15,-5.571428571,5.142857143,-1,-14.14285714,-8.571428571,4,14.77142857,62,48551.85714
2021/11/16,-4.571428571,6.142857143,3,-13.71428571,-8.285714286,3.714285714,14.5,57.28571429,48223.85714
2021/11/17,-4.571428571,5.857142857,4.571428571,-13.57142857,-8.285714286,3.714285714,14.14285714,57.28571429,46827.85714
2021/11/18,-4.571428571,5.857142857,5.285714286,-13.42857143,-8.285714286,3.714285714,13.74285714,60.57142857,46710.42857
2021/11/19,-4.285714286,6,6.571428571,-13,-8.142857143,3.571428571,13.45714286,63.57142857,45551.14286
2021/11/20,-4,6.285714286,7.142857143,-12.42857143,-7.571428571,3.428571429,13.47142857,65.57142857,45093.42857
2021/11/21,-3.857142857,6.142857143,6.714285714,-12,-7.571428571,3.428571429,13.25714286,68.57142857,44544.28571
2021/11/22,-3.571428571,5.285714286,2.571428571,-12.28571429,-8.428571429,3.714285714,13.14285714,74.42857143,43823.71429
2021/11/23,-0.428571429,5.857142857,5.714285714,-15,-15.57142857,5.571428571,12.9,73.28571429,40441.57143
2021/11/24,-0.714285714,5.857142857,4,-15,-15.28571429,5.428571429,12.6,71.57142857,40219.28571
2021/11/25,-0.428571429,6.142857143,3.428571429,-14.85714286,-15.14285714,5.428571429,12.55714286,68.57142857,39680
2021/11/26,-0.428571429,6.285714286,2.428571429,-15,-15.14285714,5.428571429,12.48571429,66.57142857,40112.85714
2021/11/27,-0.714285714,5.857142857,-0.142857143,-15.71428571,-15.14285714,5.714285714,11.97142857,63.57142857,41075.14286
